{"cosine_similarity": 0.9355781316983172, "canberra_similarity": 0.7801022225076708, "euclidean_similarity": 0.2117366921546724, "keselj_similarity": 0.7759164952813923, "manhattan_similarity": 0.6782380132607977}