{"cosine_similarity": 0.9094302460906627, "canberra_similarity": 0.7827072070584612, "euclidean_similarity": 0.0906477707212271, "keselj_similarity": 0.7816416497179978, "manhattan_similarity": 0.5517492291958612}