{"cosine_similarity": 0.9126714414992082, "canberra_similarity": 0.7813718678734843, "euclidean_similarity": 0.09045985944027368, "keselj_similarity": 0.780293366732993, "manhattan_similarity": 0.5373908400695379}