{"cosine_similarity": 0.9133556903126964, "canberra_similarity": 0.7495446388847667, "euclidean_similarity": 0.06871725874776857, "keselj_similarity": 0.7485346914982695, "manhattan_similarity": 0.4726188873891167}