{"cosine_similarity": 0.9379207844814311, "canberra_similarity": 0.7795037154392879, "euclidean_similarity": 0.21186179933165672, "keselj_similarity": 0.7752920581283346, "manhattan_similarity": 0.6700615254065747}