{"cosine_similarity": 0.4068260294185025, "canberra_similarity": 0.5938861327908544, "euclidean_similarity": 0.04000414354778951, "keselj_similarity": 0.5867546063075509, "manhattan_similarity": 0.8217204440867839}