{"cosine_similarity": 0.2820318829279572, "canberra_similarity": 0.41995702946269337, "euclidean_similarity": 0.0037170763147143593, "keselj_similarity": 0.41714401766769715, "manhattan_similarity": 0.7068579452713196}