{"cosine_similarity": 0.27506922029491726, "canberra_similarity": 0.4911621683421577, "euclidean_similarity": 0.0055421866929518115, "keselj_similarity": 0.4882298820108885, "manhattan_similarity": 0.7480115610355468}