{"cosine_similarity": 0.27385206259092326, "canberra_similarity": 0.4992856481393368, "euclidean_similarity": 0.005660953770747823, "keselj_similarity": 0.4962653695645729, "manhattan_similarity": 0.7526196449182461}