{"cosine_similarity": 0.4057573623827918, "canberra_similarity": 0.5920089564070778, "euclidean_similarity": 0.03958514510531671, "keselj_similarity": 0.5850614890702158, "manhattan_similarity": 0.8194156427893712}